                  epoch,         train/box_loss,         train/cls_loss,         train/dfl_loss,   metrics/precision(B),      metrics/recall(B),       metrics/mAP50(B),    metrics/mAP50-95(B),           val/box_loss,           val/cls_loss,           val/dfl_loss,                 lr/pg0,                 lr/pg1,                 lr/pg2
                      1,                 2.4232,                 3.7633,                 1.6455,                  0.034,                 0.2911,                0.05061,                0.01901,                 1.3567,                  3.832,                 1.0017,              0.0002625,              0.0002625,              0.0002625
                      2,                  2.264,                 2.6395,                 1.4768,                0.15398,                0.47049,                0.17493,                0.11477,                 1.3555,                 3.0982,                 1.0893,             0.00053697,             0.00053697,             0.00053697
                      3,                 2.3017,                  2.172,                 1.4672,                0.21141,                0.52348,                0.25998,                0.15389,                 1.5791,                 2.3603,                  1.134,             0.00081089,             0.00081089,             0.00081089
                      4,                 2.2041,                 1.9968,                 1.4383,                0.28461,                0.58453,                0.28461,                0.15982,                 1.5467,                 2.1675,                 1.2049,              0.0010843,              0.0010843,              0.0010843
                      5,                 2.1155,                 1.8459,                 1.4148,                0.24296,                0.42093,                0.22609,                0.14938,                 1.4079,                 2.0509,                 1.1108,              0.0012451,              0.0012451,              0.0012451
                      6,                 2.1058,                 1.7285,                 1.4415,                0.25755,                0.51092,                0.23571,                0.15906,                 1.3163,                 1.9631,                 1.1043,              0.0012438,              0.0012438,              0.0012438
                      7,                  2.022,                 1.6721,                 1.4108,                0.51114,                0.50602,                0.24415,                0.16194,                 1.3247,                 1.6875,                 1.0491,              0.0012426,              0.0012426,              0.0012426
                      8,                 1.9738,                 1.6159,                 1.3865,                0.52286,                0.54667,                0.27167,                0.18473,                  1.182,                 1.4158,                 1.0332,              0.0012413,              0.0012413,              0.0012413
                      9,                 1.9299,                 1.5991,                 1.3697,                0.35735,                0.59687,                0.28905,                0.21045,                 1.0076,                 1.3625,                 1.0418,              0.0012401,              0.0012401,              0.0012401
                     10,                 1.8705,                 1.5563,                 1.3537,                0.31723,                0.63228,                0.29699,                 0.2041,                   1.11,                 1.4737,                 1.0852,              0.0012389,              0.0012389,              0.0012389
                     11,                 1.8431,                 1.5457,                  1.355,                0.33939,                0.58953,                0.29581,                0.21754,                0.96218,                 1.3453,                0.96617,              0.0012376,              0.0012376,              0.0012376
                     12,                 1.8504,                 1.5397,                 1.3413,                0.35022,                  0.577,                0.28926,                0.19822,                 1.1117,                 1.2452,                0.95712,              0.0012364,              0.0012364,              0.0012364
                     13,                 1.7921,                 1.5386,                 1.3466,                0.34112,                0.61079,                 0.3018,                0.20331,                 1.0576,                 1.2722,                0.98172,              0.0012351,              0.0012351,              0.0012351
                     14,                 1.7752,                 1.5176,                 1.3239,                0.28253,                0.53321,                0.25895,                0.18867,                 1.0927,                 1.2695,                0.98896,              0.0012339,              0.0012339,              0.0012339
                     15,                 1.8055,                 1.5018,                 1.3176,                0.35519,                0.59861,                 0.3011,                0.20482,                 1.1047,                 1.1995,                0.94249,              0.0012327,              0.0012327,              0.0012327
                     16,                 1.7952,                 1.5398,                 1.3245,                 0.2793,                0.51087,                 0.2689,                 0.1903,                 1.1225,                 1.1877,                0.97401,              0.0012314,              0.0012314,              0.0012314
                     17,                 1.8133,                 1.5262,                 1.3445,                0.26642,                0.52304,                0.25356,                0.19969,                0.95524,                 1.3616,                0.98501,              0.0012302,              0.0012302,              0.0012302
                     18,                 1.7422,                 1.5003,                 1.3088,                0.32802,                0.62246,                0.30991,                0.22067,                0.97961,                 1.1592,                0.95899,               0.001229,               0.001229,               0.001229
                     19,                 1.7587,                 1.4845,                 1.3141,                0.29455,                0.55275,                0.26786,                0.20451,                0.93373,                 1.1744,                0.97096,              0.0012277,              0.0012277,              0.0012277
                     20,                 1.7096,                 1.4587,                 1.2973,                0.34744,                0.66221,                 0.3191,                0.23434,                0.92106,                 1.1775,                0.97367,              0.0012265,              0.0012265,              0.0012265
                     21,                 1.7081,                 1.4577,                 1.2928,                0.35871,                0.58464,                0.30031,                0.22882,                0.87894,                 1.1561,                0.94506,              0.0012252,              0.0012252,              0.0012252
                     22,                  1.714,                 1.4668,                 1.2959,                0.34661,                0.59164,                0.29085,                0.22417,                0.90774,                 1.1386,                0.94969,               0.001224,               0.001224,               0.001224
                     23,                 1.7197,                 1.4812,                  1.308,                0.27652,                 0.5437,                0.26621,                0.19074,                  1.017,                 1.1941,                0.92753,              0.0012228,              0.0012228,              0.0012228
                     24,                 1.6744,                 1.4358,                 1.2932,                0.30773,                0.56519,                0.27524,                0.19415,                 1.0534,                 1.2138,                0.96743,              0.0012215,              0.0012215,              0.0012215
                     25,                 1.7025,                 1.4362,                 1.2731,                0.31935,                0.59908,                0.29552,                 0.2204,                0.91731,                 1.1696,                0.93263,              0.0012203,              0.0012203,              0.0012203
                     26,                 1.6735,                 1.4655,                 1.2818,                0.37885,                0.61845,                0.29795,                0.19487,                 1.1412,                 1.2058,                0.95108,              0.0012191,              0.0012191,              0.0012191
                     27,                 1.6978,                 1.4266,                 1.2879,                0.35201,                0.61444,                0.29818,                0.22019,                0.96958,                 1.1653,                0.93713,              0.0012178,              0.0012178,              0.0012178
                     28,                 1.6945,                 1.4457,                 1.2933,                0.31361,                0.57065,                0.29991,                0.22017,                0.97554,                 1.2971,                0.95487,              0.0012166,              0.0012166,              0.0012166
                     29,                  1.641,                 1.3905,                 1.2621,                0.30689,                0.57207,                0.28116,                0.20479,                   1.01,                 1.2866,                0.96681,              0.0012154,              0.0012154,              0.0012154
                     30,                 1.6436,                 1.3898,                 1.2644,                0.31958,                0.59757,                0.29114,                0.22023,                 0.8979,                 1.1545,                 0.9616,              0.0012141,              0.0012141,              0.0012141
                     31,                 1.6339,                 1.3942,                 1.2498,                0.33493,                0.63853,                0.31316,                0.22614,                0.98516,                  1.211,                0.96646,              0.0012129,              0.0012129,              0.0012129
                     32,                 1.6225,                 1.4211,                 1.2585,                 0.2987,                0.53581,                 0.2704,                0.19172,                 1.0773,                 1.1843,                0.94131,              0.0012116,              0.0012116,              0.0012116
                     33,                 1.6269,                 1.3999,                 1.2484,                 0.3319,                0.59507,                0.28916,                0.18639,                 1.1256,                  1.161,                0.95408,              0.0012104,              0.0012104,              0.0012104
                     34,                 1.6095,                 1.3789,                  1.256,                0.34859,                0.61077,                0.29675,                0.21919,                0.92613,                 1.1683,                0.93962,              0.0012092,              0.0012092,              0.0012092
                     35,                 1.6329,                   1.39,                 1.2603,                0.38251,                0.62943,                0.32872,                0.25088,                0.85501,                 1.0947,                0.91386,              0.0012079,              0.0012079,              0.0012079
                     36,                 1.6001,                 1.3806,                 1.2336,                0.31672,                0.58196,                0.28949,                0.21241,                0.88967,                 1.1379,                0.92506,              0.0012067,              0.0012067,              0.0012067
                     37,                 1.6408,                 1.3802,                 1.2532,                0.35849,                0.66841,                0.32029,                0.24442,                0.87825,                 1.1505,                0.95665,              0.0012055,              0.0012055,              0.0012055
                     38,                 1.5543,                 1.3656,                 1.2264,                0.34371,                 0.6116,                0.30158,                0.23353,                0.87548,                 1.0792,                0.91171,              0.0012042,              0.0012042,              0.0012042
                     39,                 1.6087,                 1.3668,                 1.2416,                0.36162,                0.63454,                0.31471,                0.22148,                0.93546,                 1.1313,                 0.9256,               0.001203,               0.001203,               0.001203
                     40,                 1.6311,                  1.394,                 1.2577,                0.37861,                0.64384,                0.32833,                 0.2469,                0.81483,                  1.088,                 0.9058,              0.0012017,              0.0012017,              0.0012017
                     41,                 1.6018,                 1.3757,                 1.2346,                0.34114,                0.61892,                0.30592,                0.23763,                0.80103,                 1.1069,                0.92344,              0.0012005,              0.0012005,              0.0012005
                     42,                 1.5534,                 1.3368,                 1.2143,                0.34417,                0.60771,                0.30931,                0.23306,                0.86749,                 1.1249,                0.94498,              0.0011993,              0.0011993,              0.0011993
                     43,                 1.5842,                 1.3228,                 1.2181,                0.32157,                0.57637,                0.27691,                0.20762,                0.95626,                 1.1195,                0.91463,               0.001198,               0.001198,               0.001198
                     44,                 1.5674,                 1.3377,                 1.2162,                0.39278,                0.65584,                0.32934,                0.25213,                0.85615,                 1.1126,                 0.9198,              0.0011968,              0.0011968,              0.0011968
                     45,                 1.5535,                 1.3395,                 1.2134,                0.38157,                0.66166,                0.33265,                0.25427,                   0.83,                 1.1049,                0.91469,              0.0011955,              0.0011955,              0.0011955
                     46,                 1.5897,                 1.3605,                 1.2282,                0.37801,                 0.6599,                0.31772,                0.24475,                0.85524,                 1.0929,                0.93329,              0.0011943,              0.0011943,              0.0011943
                     47,                 1.5936,                 1.3102,                 1.2182,                  0.343,                0.60333,                0.28893,                0.19637,                 1.1786,                 1.1395,                0.98902,              0.0011931,              0.0011931,              0.0011931
                     48,                 1.5518,                 1.3421,                 1.2166,                0.34815,                0.60876,                0.29162,                 0.2218,                0.86487,                 1.1152,                0.92265,              0.0011918,              0.0011918,              0.0011918
                     49,                  1.557,                 1.3272,                 1.1957,                0.41329,                0.64372,                 0.3445,                0.24077,                 0.9548,                 1.1045,                0.91974,              0.0011906,              0.0011906,              0.0011906
                     50,                 1.5682,                 1.3204,                 1.2038,                0.42351,                0.69226,                0.36263,                0.26694,                0.88929,                 1.1063,                0.92777,              0.0011894,              0.0011894,              0.0011894
                     51,                 1.5294,                 1.3219,                 1.1888,                0.39499,                0.66297,                0.33838,                0.26292,                0.91931,                 1.0997,                0.92864,              0.0011881,              0.0011881,              0.0011881
                     52,                 1.5394,                 1.3033,                 1.1924,                0.40224,                0.68954,                0.35674,                0.25077,                0.94461,                 1.1194,                0.90905,              0.0011869,              0.0011869,              0.0011869
                     53,                 1.5305,                 1.2989,                 1.1979,                0.37446,                0.65198,                0.33153,                0.26108,                0.80595,                 1.0827,                0.88692,              0.0011856,              0.0011856,              0.0011856
                     54,                 1.5449,                 1.3095,                 1.1957,                 0.4089,                0.69698,                0.36107,                0.26857,                0.96979,                 1.0978,                0.90747,              0.0011844,              0.0011844,              0.0011844
                     55,                 1.4995,                 1.2825,                 1.1719,                0.38142,                0.68033,                0.33632,                0.25104,                0.81416,                 1.0889,                0.91613,              0.0011832,              0.0011832,              0.0011832
                     56,                 1.5162,                 1.2552,                 1.1698,                0.34278,                 0.6537,                0.30811,                0.23494,                0.89425,                 1.1537,                0.92209,              0.0011819,              0.0011819,              0.0011819
                     57,                 1.5393,                 1.3058,                 1.1847,                0.35277,                0.66403,                0.31716,                 0.2439,                0.83174,                 1.1051,                0.89337,              0.0011807,              0.0011807,              0.0011807
                     58,                 1.5583,                 1.2785,                 1.1948,                0.35439,                0.64372,                 0.3184,                 0.2477,                0.82989,                 1.1074,                0.90887,              0.0011795,              0.0011795,              0.0011795
                     59,                 1.5204,                 1.3244,                 1.1911,                0.33143,                0.60387,                0.28443,                0.21852,                0.92303,                 1.1046,                0.91451,              0.0011782,              0.0011782,              0.0011782
                     60,                 1.4505,                 1.2419,                 1.1396,                0.37983,                0.65883,                0.33304,                0.25022,                0.87263,                 1.0855,                0.92172,               0.001177,               0.001177,               0.001177
                     61,                 1.5159,                  1.259,                 1.1651,                0.40034,                0.68009,                0.34547,                0.25244,                0.95025,                 1.0905,                0.94662,              0.0011757,              0.0011757,              0.0011757
                     62,                 1.4841,                 1.2638,                 1.1641,                0.38254,                 0.6506,                0.34878,                0.26874,                0.83584,                 1.2026,                0.89233,              0.0011745,              0.0011745,              0.0011745
                     63,                 1.4871,                  1.246,                 1.1573,                0.37865,                  0.656,                0.32871,                0.23614,                0.93963,                 1.0749,                0.89243,              0.0011733,              0.0011733,              0.0011733
                     64,                 1.4839,                 1.2766,                 1.1689,                0.39548,                0.64219,                0.32933,                0.23764,                0.88499,                 1.1023,                0.91138,               0.001172,               0.001172,               0.001172
                     65,                 1.4644,                 1.2526,                  1.154,                0.35555,                0.65198,                0.31932,                0.24606,                0.81454,                 1.0606,                0.89464,              0.0011708,              0.0011708,              0.0011708
                     66,                 1.5258,                 1.2812,                  1.169,                0.38238,                0.67242,                 0.3336,                0.24089,                0.89582,                 1.0706,                 0.9249,              0.0011696,              0.0011696,              0.0011696
                     67,                 1.4713,                  1.255,                 1.1553,                0.36057,                 0.6279,                0.31277,                0.23248,                0.85633,                 1.0599,                 0.9194,              0.0011683,              0.0011683,              0.0011683
                     68,                 1.4664,                 1.2669,                 1.1517,                0.37737,                0.64632,                0.32064,                0.25065,                0.80916,                 1.0834,                0.90647,              0.0011671,              0.0011671,              0.0011671
                     69,                 1.4559,                 1.2529,                 1.1497,                0.33292,                0.59696,                0.28841,                0.22561,                0.80849,                 1.0898,                0.90279,              0.0011658,              0.0011658,              0.0011658
                     70,                 1.4673,                 1.2409,                 1.1601,                0.34627,                0.61349,                0.29363,                0.22493,                0.88258,                 1.1201,                0.90818,              0.0011646,              0.0011646,              0.0011646
                     71,                 1.4365,                 1.2154,                 1.1377,                0.34745,                 0.6096,                0.31443,                0.24041,                0.92437,                 1.1342,                0.91101,              0.0011634,              0.0011634,              0.0011634
                     72,                 1.4611,                  1.234,                 1.1434,                0.35886,                0.66321,                0.32003,                0.23593,                0.96266,                 1.1315,                0.91173,              0.0011621,              0.0011621,              0.0011621
                     73,                 1.4514,                 1.2319,                 1.1369,                0.37632,                 0.6377,                0.33058,                0.24607,                0.87677,                 1.0861,                0.90342,              0.0011609,              0.0011609,              0.0011609
                     74,                 1.4746,                 1.2206,                 1.1395,                0.35188,                0.63958,                0.30198,                0.22921,                0.87515,                 1.1556,                0.89578,              0.0011597,              0.0011597,              0.0011597
                     75,                 1.4791,                 1.2586,                  1.156,                0.35165,                0.61963,                 0.3048,                0.23922,                0.77535,                 1.0858,                0.88718,              0.0011584,              0.0011584,              0.0011584
                     76,                 1.4465,                 1.2494,                 1.1481,                0.38923,                0.68647,                0.35007,                0.27159,                0.80115,                 1.0933,                0.88294,              0.0011572,              0.0011572,              0.0011572
                     77,                 1.4207,                 1.2171,                 1.1313,                0.39151,                0.66472,                0.35079,                0.26905,                0.81969,                 1.1517,                0.89233,              0.0011559,              0.0011559,              0.0011559
                     78,                 1.4303,                 1.2106,                 1.1278,                0.34519,                0.65345,                0.32031,                0.25105,                0.78936,                 1.1199,                0.90404,              0.0011547,              0.0011547,              0.0011547
                     79,                 1.4128,                 1.2062,                 1.1238,                0.38212,                0.64278,                0.32564,                0.25727,                0.83294,                 1.0934,                0.88551,              0.0011535,              0.0011535,              0.0011535
                     80,                 1.4358,                 1.2313,                 1.1306,                0.36292,                0.64785,                0.31739,                0.25408,                0.76471,                 1.0542,                0.87459,              0.0011522,              0.0011522,              0.0011522
                     81,                 1.4383,                 1.2241,                 1.1305,                0.36431,                0.64502,                0.31381,                0.24699,                0.86303,                 1.0863,                 0.8874,               0.001151,               0.001151,               0.001151
                     82,                 1.4323,                 1.1935,                 1.1244,                0.42253,                0.69179,                0.35961,                0.28149,                0.83704,                 1.0914,                 0.8846,              0.0011498,              0.0011498,              0.0011498
                     83,                 1.4464,                 1.2187,                 1.1331,                 0.3608,                0.66982,                0.32875,                0.24611,                0.88461,                 1.1652,                0.89054,              0.0011485,              0.0011485,              0.0011485
                     84,                 1.4271,                  1.213,                 1.1262,                 0.3545,                0.63593,                0.29526,                0.23376,                0.79656,                 1.1033,                0.88967,              0.0011473,              0.0011473,              0.0011473
                     85,                 1.4041,                 1.2104,                 1.1202,                0.39019,                0.66765,                0.33187,                0.26164,                0.76801,                 1.0522,                0.88128,              0.0011461,              0.0011461,              0.0011461
                     86,                 1.4357,                 1.1986,                 1.1198,                0.39509,                0.68612,                0.35149,                0.28068,                0.75912,                 1.0575,                0.87275,              0.0011448,              0.0011448,              0.0011448
                     87,                 1.4271,                 1.1955,                 1.1195,                0.39988,                0.68257,                0.35417,                0.27661,                0.79515,                 1.0711,                0.87534,              0.0011436,              0.0011436,              0.0011436
                     88,                 1.3939,                 1.1855,                 1.1128,                0.36787,                0.64655,                0.32446,                0.24747,                0.84639,                 1.0672,                0.87593,              0.0011423,              0.0011423,              0.0011423
                     89,                 1.3742,                 1.1708,                 1.1055,                0.40069,                0.66698,                0.34291,                0.26499,                0.83546,                 1.0576,                0.87729,              0.0011411,              0.0011411,              0.0011411
                     90,                 1.4041,                 1.1835,                 1.1116,                0.40382,                0.69155,                0.36455,                0.28602,                0.81558,                 1.0725,                0.86893,              0.0011399,              0.0011399,              0.0011399
                     91,                  1.399,                 1.1638,                 1.1048,                0.39068,                0.65544,                0.34679,                 0.2735,                0.80672,                 1.1163,                0.88376,              0.0011386,              0.0011386,              0.0011386
                     92,                 1.4252,                 1.1898,                 1.1225,                0.37877,                 0.6436,                0.32944,                0.25146,                0.86451,                 1.0718,                0.89024,              0.0011374,              0.0011374,              0.0011374
                     93,                 1.3993,                 1.1825,                 1.1133,                0.40377,                0.67324,                0.34731,                0.28019,                0.79278,                 1.0827,                0.87271,              0.0011362,              0.0011362,              0.0011362
                     94,                 1.3944,                  1.156,                 1.1055,                0.38411,                0.65659,                0.32762,                0.25098,                  0.843,                 1.0755,                0.88052,              0.0011349,              0.0011349,              0.0011349
                     95,                 1.3725,                 1.1665,                 1.1134,                0.38668,                 0.6736,                 0.3376,                0.27371,                0.73983,                 1.0414,                0.86144,              0.0011337,              0.0011337,              0.0011337
                     96,                 1.3938,                 1.1542,                 1.1103,                 0.3698,                0.65397,                 0.3083,                0.23697,                 0.8246,                 1.0558,                0.88008,              0.0011324,              0.0011324,              0.0011324
                     97,                 1.4044,                 1.1943,                  1.116,                0.38859,                0.67112,                0.34191,                0.26331,                 0.8398,                 1.0787,                0.87808,              0.0011312,              0.0011312,              0.0011312
                     98,                 1.4065,                  1.159,                 1.1057,                0.41118,                0.68139,                0.35916,                0.28248,                0.76181,                  1.039,                0.87674,                0.00113,                0.00113,                0.00113
                     99,                 1.3577,                 1.1626,                 1.1018,                0.37671,                0.65057,                0.32396,                 0.2468,                0.86172,                 1.0813,                0.88283,              0.0011287,              0.0011287,              0.0011287
                    100,                  1.379,                  1.156,                  1.097,                0.37594,                0.66605,                0.33577,                0.26327,                0.76145,                   1.07,                0.89856,              0.0011275,              0.0011275,              0.0011275
                    101,                 1.3484,                 1.1364,                 1.0943,                0.39951,                  0.701,                  0.369,                0.29161,                0.78395,                 1.0473,                0.88008,              0.0011263,              0.0011263,              0.0011263
                    102,                 1.3521,                 1.1263,                 1.0939,                0.36341,                0.64401,                 0.3229,                0.25699,                 0.7761,                 1.0575,                0.89517,               0.001125,               0.001125,               0.001125
                    103,                  1.386,                  1.153,                 1.0973,                0.35129,                0.65044,                0.30843,                0.23712,                0.87323,                  1.159,                0.89779,              0.0011238,              0.0011238,              0.0011238
                    104,                 1.3646,                   1.16,                 1.1094,                0.39342,                0.68198,                0.34634,                0.26343,                0.89266,                 1.0627,                0.89045,              0.0011225,              0.0011225,              0.0011225
                    105,                 1.3602,                 1.1439,                 1.0989,                0.38557,                0.68837,                0.34609,                0.26893,                0.80777,                 1.0694,                0.89855,              0.0011213,              0.0011213,              0.0011213
                    106,                 1.3687,                 1.1209,                  1.089,                 0.3732,                  0.671,                0.32073,                0.25727,                0.78546,                 1.0718,                0.88351,              0.0011201,              0.0011201,              0.0011201
                    107,                 1.3904,                 1.1604,                 1.0975,                0.40142,                0.69296,                0.35151,                0.27564,                0.82045,                 1.0793,                0.88763,              0.0011188,              0.0011188,              0.0011188
                    108,                 1.3747,                 1.1238,                  1.092,                0.41476,                0.70754,                0.36409,                0.27716,                0.81261,                 1.0374,                0.86966,              0.0011176,              0.0011176,              0.0011176
                    109,                 1.3516,                 1.1555,                 1.0964,                0.39448,                0.67588,                0.35541,                0.28408,                0.79961,                 1.0384,                 0.8711,              0.0011164,              0.0011164,              0.0011164
                    110,                 1.3713,                 1.1077,                 1.0798,                0.37526,                0.66143,                0.34273,                0.25993,                0.88144,                 1.0533,                0.88437,              0.0011151,              0.0011151,              0.0011151
                    111,                 1.3478,                 1.1042,                 1.0799,                0.37901,                0.66758,                0.34558,                0.27016,                0.81338,                 1.0414,                0.89251,              0.0011139,              0.0011139,              0.0011139
                    112,                 1.3346,                 1.1032,                 1.0791,                0.35398,                0.63992,                0.31243,                0.24072,                0.80478,                 1.0971,                0.87866,              0.0011126,              0.0011126,              0.0011126
                    113,                 1.3412,                 1.1149,                 1.0941,                0.37641,                0.65993,                0.32274,                0.25652,                 0.7364,                 1.0805,                0.86131,              0.0011114,              0.0011114,              0.0011114
                    114,                 1.3612,                 1.0924,                 1.0895,                0.36651,                0.66474,                0.33129,                0.26574,                0.76707,                 1.0714,                 0.8718,              0.0011102,              0.0011102,              0.0011102
                    115,                 1.3581,                 1.1248,                 1.0856,                0.35806,                0.64892,                0.32359,                0.25674,                0.79665,                 1.0838,                0.88929,              0.0011089,              0.0011089,              0.0011089
                    116,                 1.3819,                 1.1249,                 1.0943,                0.37143,                 0.6654,                0.34446,                 0.2705,                0.83491,                 1.0957,                0.87739,              0.0011077,              0.0011077,              0.0011077
                    117,                 1.3318,                 1.1018,                 1.0805,                0.39276,                0.66034,                 0.3539,                0.27771,                0.83384,                 1.0724,                 0.8714,              0.0011065,              0.0011065,              0.0011065
                    118,                 1.3115,                 1.1052,                 1.0839,                0.38774,                0.66769,                0.34052,                0.26123,                0.85367,                 1.0291,                 0.8782,              0.0011052,              0.0011052,              0.0011052
                    119,                 1.3068,                 1.0808,                 1.0705,                0.38025,                0.65753,                0.32914,                0.25819,                0.79814,                 1.0194,                0.88742,               0.001104,               0.001104,               0.001104
                    120,                 1.3532,                 1.1116,                 1.0889,                 0.3817,                0.69097,                0.34073,                0.26332,                0.79446,                 1.0921,                0.87926,              0.0011027,              0.0011027,              0.0011027
                    121,                 1.3084,                 1.0813,                 1.0664,                0.40006,                0.68753,                0.35471,                0.27615,                0.75067,                 1.0301,                0.87584,              0.0011015,              0.0011015,              0.0011015
                    122,                 1.3378,                 1.0931,                 1.0771,                0.37011,                0.65399,                0.32297,                0.24889,                0.78681,                  1.056,                0.89269,              0.0011003,              0.0011003,              0.0011003
                    123,                 1.3286,                 1.0756,                  1.076,                0.34961,                0.63266,                0.30828,                0.24399,                0.81941,                 1.0459,                0.87777,               0.001099,               0.001099,               0.001099
                    124,                 1.2992,                 1.0989,                 1.0618,                0.39015,                 0.6723,                0.34148,                0.26693,                0.80805,                  1.051,                0.89148,              0.0010978,              0.0010978,              0.0010978
                    125,                 1.3257,                 1.0686,                 1.0745,                0.41613,                0.69828,                0.37744,                0.28609,                0.83226,                 1.0614,                0.91593,              0.0010965,              0.0010965,              0.0010965
                    126,                 1.3313,                 1.0904,                  1.074,                0.37382,                0.66155,                0.33509,                0.26141,                0.78817,                 1.0688,                 0.9013,              0.0010953,              0.0010953,              0.0010953
                    127,                 1.3208,                 1.0817,                 1.0716,                 0.3941,                0.68432,                 0.3556,                0.27554,                0.78476,                 1.0335,                0.87722,              0.0010941,              0.0010941,              0.0010941
                    128,                 1.3022,                 1.0529,                 1.0574,                0.36129,                0.65399,                0.31862,                0.25068,                0.78829,                 1.0697,                0.89949,              0.0010928,              0.0010928,              0.0010928
                    129,                 1.3219,                 1.0526,                 1.0682,                0.34898,                0.63758,                0.31254,                0.23946,                0.78778,                 1.0619,                 0.8836,              0.0010916,              0.0010916,              0.0010916
                    130,                 1.2898,                 1.0594,                 1.0556,                0.40682,                 0.7095,                0.37128,                0.27804,                 0.8882,                 1.0611,                0.89381,              0.0010904,              0.0010904,              0.0010904
                    131,                  1.296,                 1.0625,                 1.0634,                0.41015,                0.68753,                0.35988,                0.28359,                0.76222,                 1.0322,                0.87928,              0.0010891,              0.0010891,              0.0010891
                    132,                 1.2831,                 1.0601,                 1.0671,                0.41402,                0.69123,                0.36553,                0.27425,                0.80684,                 1.0476,                0.87426,              0.0010879,              0.0010879,              0.0010879
                    133,                 1.3026,                 1.0432,                  1.066,                0.40906,                0.69615,                0.37542,                0.28458,                0.85911,                 1.1024,                 0.8758,              0.0010866,              0.0010866,              0.0010866
                    134,                 1.2917,                 1.0412,                 1.0536,                0.41114,                0.70265,                0.36536,                0.27732,                0.76988,                 1.0463,                 0.8757,              0.0010854,              0.0010854,              0.0010854
                    135,                 1.3059,                 1.0479,                 1.0564,                0.39659,                 0.6775,                0.34771,                0.26672,                 0.8303,                 1.0496,                0.87639,              0.0010842,              0.0010842,              0.0010842
                    136,                 1.3001,                 1.0559,                 1.0627,                0.38406,                0.66024,                0.34243,                 0.2709,                0.78823,                 1.1094,                0.86026,              0.0010829,              0.0010829,              0.0010829
                    137,                  1.317,                 1.0367,                 1.0675,                0.35902,                0.63145,                0.31701,                0.24438,                0.86885,                 1.2006,                0.88095,              0.0010817,              0.0010817,              0.0010817
                    138,                 1.3215,                 1.0655,                  1.071,                0.34772,                 0.6253,                0.31038,                0.24472,                0.79072,                 1.0819,                0.88581,              0.0010805,              0.0010805,              0.0010805
                    139,                 1.2959,                 1.0467,                 1.0522,                0.36585,                 0.6547,                0.32589,                0.25439,                0.81308,                 1.0423,                0.88446,              0.0010792,              0.0010792,              0.0010792
                    140,                 1.3017,                 1.0375,                 1.0566,                0.40805,                0.67808,                0.35059,                0.26738,                0.82554,                 1.0311,                0.88401,               0.001078,               0.001078,               0.001078
                    141,                 1.2814,                 1.0132,                 1.0492,                0.39802,                0.68541,                0.33637,                  0.249,                0.94473,                 1.0524,                0.89361,              0.0010768,              0.0010768,              0.0010768
                    142,                 1.2971,                 1.0365,                 1.0574,                0.39829,                 0.6997,                0.35758,                 0.2833,                0.80714,                 1.0487,                0.87684,              0.0010755,              0.0010755,              0.0010755
                    143,                 1.2645,                 1.0192,                   1.05,                0.39086,                0.68387,                0.35988,                0.27443,                0.78965,                 1.0509,                0.87097,              0.0010743,              0.0010743,              0.0010743
                    144,                 1.2774,                  1.007,                 1.0506,                0.37197,                0.67254,                0.33453,                0.26279,                0.81341,                 1.1781,                0.86633,               0.001073,               0.001073,               0.001073
                    145,                  1.267,                 1.0191,                 1.0528,                 0.3921,                 0.6736,                 0.3543,                0.28643,                0.77916,                 1.0831,                0.87021,              0.0010718,              0.0010718,              0.0010718
                    146,                 1.3154,                 1.0471,                 1.0597,                0.39568,                0.68647,                0.35491,                0.28604,                0.78839,                 1.1282,                0.86902,              0.0010706,              0.0010706,              0.0010706
                    147,                 1.2627,                 1.0021,                 1.0424,                 0.3901,                0.69166,                0.34566,                0.28087,                0.71155,                 1.0236,                0.85714,              0.0010693,              0.0010693,              0.0010693
                    148,                   1.25,                 1.0056,                 1.0432,                0.38782,                0.67596,                0.33682,                0.26675,                 0.8029,                  1.017,                0.86376,              0.0010681,              0.0010681,              0.0010681
                    149,                 1.2883,                 1.0432,                 1.0579,                0.40735,                0.70064,                0.37486,                0.30046,                0.72274,                 1.0154,                0.85435,              0.0010669,              0.0010669,              0.0010669
                    150,                  1.267,                0.99323,                 1.0417,                0.40019,                 0.6684,                0.36685,                0.29436,                0.73303,                 1.0113,                0.85512,              0.0010656,              0.0010656,              0.0010656
                    151,                 1.2668,                 1.0006,                 1.0489,                0.40375,                0.67976,                 0.3706,                0.29549,                0.82896,                 1.0463,                0.86876,              0.0010644,              0.0010644,              0.0010644
                    152,                 1.2859,                0.99334,                 1.0448,                0.38162,                0.69069,                 0.3438,                0.27066,                0.86356,                 1.0691,                0.87501,              0.0010631,              0.0010631,              0.0010631
                    153,                 1.2774,                0.99606,                 1.0461,                0.36468,                0.64991,                0.33411,                 0.2666,                0.78072,                 1.0779,                0.86578,              0.0010619,              0.0010619,              0.0010619
                    154,                  1.273,                0.99075,                 1.0499,                0.39318,                0.69013,                0.36015,                0.29308,                0.74741,                 1.0653,                0.86061,              0.0010607,              0.0010607,              0.0010607
                    155,                 1.2506,                0.96893,                 1.0339,                0.39872,                0.68824,                0.35819,                0.28679,                0.79436,                 1.0289,                0.86511,              0.0010594,              0.0010594,              0.0010594
                    156,                 1.2667,                0.96426,                 1.0395,                0.39655,                0.68612,                0.33596,                0.26593,                0.80678,                  1.051,                0.86901,              0.0010582,              0.0010582,              0.0010582
                    157,                 1.2509,                0.96701,                 1.0398,                0.34969,                0.63724,                0.30477,                0.23529,                0.81341,                 1.0863,                0.87007,               0.001057,               0.001057,               0.001057
                    158,                 1.2173,                0.98883,                 1.0323,                 0.3582,                0.65022,                0.32375,                0.25682,                0.76841,                 1.0715,                0.87088,              0.0010557,              0.0010557,              0.0010557
                    159,                 1.2318,                0.94621,                 1.0309,                0.38445,                0.66285,                0.34314,                0.27167,                0.77318,                 1.0218,                0.86478,              0.0010545,              0.0010545,              0.0010545
                    160,                 1.2446,                0.95588,                 1.0319,                0.36239,                0.63616,                 0.3318,                0.26244,                0.76997,                 1.0461,                0.87404,              0.0010532,              0.0010532,              0.0010532
                    161,                 1.2633,                0.98045,                 1.0352,                0.34452,                0.61066,                0.31016,                0.22857,                0.98185,                 1.0884,                0.90064,               0.001052,               0.001052,               0.001052
                    162,                 1.2383,                 0.9822,                 1.0346,                0.36164,                 0.6417,                 0.3215,                0.25327,                0.76471,                  1.087,                0.87619,              0.0010508,              0.0010508,              0.0010508
                    163,                 1.2572,                0.95382,                 1.0314,                 0.3695,                0.65577,                0.33224,                0.25723,                0.79043,                 1.0976,                0.86646,              0.0010495,              0.0010495,              0.0010495
                    164,                  1.227,                0.95851,                 1.0224,                 0.3703,                0.66698,                0.32995,                0.25577,                0.81106,                 1.0617,                0.87157,              0.0010483,              0.0010483,              0.0010483
                    165,                 1.2321,                0.94241,                  1.032,                0.37102,                0.66485,                0.32969,                0.26348,                0.75293,                  1.088,                0.86111,               0.001047,               0.001047,               0.001047
                    166,                 1.2468,                0.96022,                   1.04,                0.40448,                0.68057,                0.35333,                0.28079,                0.77269,                 1.0864,                0.86168,              0.0010458,              0.0010458,              0.0010458
                    167,                 1.2477,                0.97206,                 1.0406,                0.38181,                0.69162,                0.34793,                0.27915,                 0.7526,                  1.113,                0.86502,              0.0010446,              0.0010446,              0.0010446
                    168,                  1.251,                0.96091,                 1.0272,                0.39415,                0.68405,                0.35099,                0.26356,                0.96273,                 1.1026,                0.88207,              0.0010433,              0.0010433,              0.0010433
                    169,                 1.2693,                0.95615,                 1.0367,                0.38315,                 0.6684,                0.33232,                0.26217,                0.83633,                 1.0361,                0.86464,              0.0010421,              0.0010421,              0.0010421
                    170,                 1.2575,                0.95306,                 1.0362,                0.38073,                0.66639,                0.33332,                0.26519,                0.77061,                 1.0158,                0.85937,              0.0010409,              0.0010409,              0.0010409
                    171,                 1.2153,                 0.9461,                 1.0302,                0.35999,                 0.6473,                0.32465,                 0.2543,                0.84582,                 1.0539,                0.85766,              0.0010396,              0.0010396,              0.0010396
                    172,                  1.213,                0.92486,                 1.0198,                0.38258,                0.67726,                0.35057,                0.26319,                 0.8825,                 1.0285,                0.86301,              0.0010384,              0.0010384,              0.0010384
                    173,                 1.2296,                0.93862,                 1.0287,                0.39456,                0.67737,                0.35646,                0.28259,                0.72911,                  1.004,                0.85522,              0.0010372,              0.0010372,              0.0010372
                    174,                  1.202,                0.91683,                 1.0239,                0.41292,                0.68623,                0.36409,                0.28657,                0.79419,                 1.0381,                 0.8621,              0.0010359,              0.0010359,              0.0010359
                    175,                 1.1886,                 0.9044,                 1.0125,                0.38151,                 0.6684,                0.34353,                0.26682,                0.82446,                 1.0462,                0.86861,              0.0010347,              0.0010347,              0.0010347
                    176,                 1.2132,                0.93036,                 1.0217,                0.37141,                 0.6723,                0.33746,                0.27341,                0.75963,                 1.0442,                 0.8523,              0.0010334,              0.0010334,              0.0010334
                    177,                 1.2012,                 0.9107,                 1.0202,                0.38003,                0.66143,                0.33262,                0.27357,                0.75309,                  1.026,                0.84673,              0.0010322,              0.0010322,              0.0010322
                    178,                 1.2075,                0.92872,                 1.0203,                 0.4043,                0.68552,                0.34479,                0.28046,                0.75456,                 1.0402,                0.85866,               0.001031,               0.001031,               0.001031
                    179,                 1.2078,                0.93166,                 1.0318,                0.40191,                0.68836,                0.35869,                0.28291,                0.82997,                 1.0283,                 0.8606,              0.0010297,              0.0010297,              0.0010297
                    180,                 1.2175,                0.92006,                 1.0225,                0.38362,                0.65187,                0.32487,                0.24158,                0.82313,                 1.0927,                 0.8675,              0.0010285,              0.0010285,              0.0010285
                    181,                 1.2139,                0.91275,                 1.0304,                0.37755,                0.66498,                0.32977,                0.26231,                 0.7407,                 1.0544,                0.86211,              0.0010273,              0.0010273,              0.0010273
                    182,                 1.1845,                0.91217,                 1.0183,                0.36074,                0.65542,                 0.3287,                0.24877,                0.83301,                 1.1714,                0.87466,               0.001026,               0.001026,               0.001026
                    183,                 1.1669,                0.90113,                 1.0151,                0.39498,                 0.6821,                 0.3501,                0.27306,                0.76807,                  1.059,                0.86368,              0.0010248,              0.0010248,              0.0010248
                    184,                 1.1986,                0.90912,                 1.0178,                 0.4079,                0.68966,                0.35884,                0.26759,                0.80488,                 1.0531,                0.87529,              0.0010235,              0.0010235,              0.0010235
                    185,                 1.1953,                0.89992,                 1.0093,                0.39617,                0.67959,                0.35457,                0.26435,                 0.8014,                 1.0615,                0.88687,              0.0010223,              0.0010223,              0.0010223
                    186,                 1.2097,                0.92697,                 1.0259,                 0.3933,                0.66944,                0.34889,                0.27665,                0.75756,                 1.0491,                0.86197,              0.0010211,              0.0010211,              0.0010211
                    187,                 1.2119,                0.92376,                 1.0148,                0.41845,                0.69367,                  0.367,                0.27653,                0.87707,                 1.0371,                0.86251,              0.0010198,              0.0010198,              0.0010198
                    188,                 1.2149,                0.92023,                 1.0188,                0.38286,                0.68246,                0.34028,                0.27582,                0.74664,                 1.0384,                0.85717,              0.0010186,              0.0010186,              0.0010186
                    189,                 1.1892,                0.92469,                 1.0233,                0.38031,                0.66427,                0.33809,                0.27009,                0.73513,                 1.0271,                0.86608,              0.0010173,              0.0010173,              0.0010173
                    190,                 1.1858,                 0.9195,                 1.0115,                0.38518,                0.66769,                0.34469,                0.27799,                0.73342,                0.99862,                0.86313,              0.0010161,              0.0010161,              0.0010161
                    191,                 1.1822,                0.89014,                 1.0104,                0.39371,                0.66888,                0.33304,                0.25367,                0.84626,                  1.061,                0.87768,              0.0010149,              0.0010149,              0.0010149
                    192,                 1.2067,                0.92559,                 1.0199,                0.38929,                0.66769,                0.32934,                0.26137,                0.76052,                 1.0344,                0.86175,              0.0010136,              0.0010136,              0.0010136
                    193,                 1.1982,                0.89963,                 1.0168,                0.36973,                0.64853,                0.32825,                0.26098,                0.76988,                 1.0294,                 0.8563,              0.0010124,              0.0010124,              0.0010124
                    194,                 1.1653,                0.89482,                 1.0112,                 0.3905,                0.65486,                 0.3425,                0.26592,                 0.8183,                 1.1028,                0.86748,              0.0010112,              0.0010112,              0.0010112
                    195,                  1.192,                 0.9006,                 1.0195,                0.40118,                0.69036,                0.34975,                 0.2757,                  0.769,                 1.0528,                0.86828,              0.0010099,              0.0010099,              0.0010099
                    196,                 1.1631,                0.88578,                 1.0107,                0.38914,                0.67127,                0.35807,                0.28592,                 0.7324,                 1.0802,                0.85471,              0.0010087,              0.0010087,              0.0010087
                    197,                 1.1614,                0.90493,                 1.0054,                0.36211,                0.64998,                0.32929,                0.26008,                 0.7852,                 1.0439,                0.85812,              0.0010075,              0.0010075,              0.0010075
                    198,                 1.1656,                0.88249,                 1.0104,                0.36931,                0.65872,                 0.3189,                0.25122,                0.76961,                 1.0537,                0.85998,              0.0010062,              0.0010062,              0.0010062
                    199,                  1.184,                0.90552,                  1.009,                0.38917,                0.68045,                0.34767,                0.28699,                0.71067,                 1.0321,                0.84869,               0.001005,               0.001005,               0.001005
                    200,                 1.1988,                0.89598,                 1.0212,                0.39242,                0.67726,                0.34575,                0.28404,                0.69892,                 1.0491,                0.84919,              0.0010037,              0.0010037,              0.0010037
                    201,                 1.1751,                0.88289,                 1.0056,                0.37192,                0.66155,                0.33726,                0.27296,                0.72571,                 1.0643,                0.85739,              0.0010025,              0.0010025,              0.0010025
                    202,                 1.1629,                0.88147,                 1.0091,                0.37541,                0.68175,                0.34466,                0.26693,                0.79935,                 1.0705,                0.87031,              0.0010013,              0.0010013,              0.0010013
                    203,                  1.169,                0.90056,                 1.0097,                0.36309,                0.64821,                0.33852,                0.27308,                0.74378,                 1.0732,                0.86735,                  0.001,                  0.001,                  0.001
                    204,                 1.1342,                0.86689,                0.99425,                0.37843,                0.65285,                0.33657,                0.26915,                0.73356,                 1.0289,                0.85867,             0.00099879,             0.00099879,             0.00099879
                    205,                 1.1748,                0.89076,                 1.0125,                0.41534,                0.65946,                0.36677,                  0.276,                0.80915,                  1.046,                0.85854,             0.00099755,             0.00099755,             0.00099755
                    206,                 1.1699,                0.88346,                 1.0075,                0.37014,                  0.635,                0.33639,                0.26898,                0.74312,                  1.059,                0.86017,             0.00099631,             0.00099631,             0.00099631
                    207,                 1.1288,                0.87703,                0.99589,                0.35351,                0.62872,                0.31162,                0.25286,                0.72768,                 1.0572,                0.85839,             0.00099507,             0.00099507,             0.00099507
                    208,                 1.1589,                0.88152,                 1.0029,                0.37185,                0.65435,                0.33915,                0.26793,                0.81857,                 1.0475,                0.86132,             0.00099384,             0.00099384,             0.00099384
                    209,                 1.1654,                 0.8702,                 1.0008,                 0.3752,                0.63274,                0.32299,                0.26047,                0.76677,                 1.0299,                0.85857,              0.0009926,              0.0009926,              0.0009926
                    210,                 1.1555,                0.86464,                 1.0026,                0.37544,                  0.671,                0.34036,                0.27598,                0.76849,                 1.0459,                0.86514,             0.00099136,             0.00099136,             0.00099136
                    211,                   1.17,                0.86223,                 1.0072,                0.37127,                0.65491,                 0.3299,                0.25319,                0.86358,                 1.0944,                0.88638,             0.00099013,             0.00099013,             0.00099013
                    212,                 1.2015,                0.88222,                 1.0214,                0.35854,                0.63463,                0.31257,                0.24819,                0.77159,                 1.0906,                0.87484,             0.00098889,             0.00098889,             0.00098889
                    213,                 1.1746,                0.86544,                 1.0075,                0.35902,                0.64241,                0.31405,                0.24363,                0.83068,                 1.1063,                0.87105,             0.00098765,             0.00098765,             0.00098765
                    214,                 1.1457,                0.86358,                  1.004,                0.39584,                0.67171,                0.34882,                0.27416,                0.80844,                   1.03,                0.86639,             0.00098641,             0.00098641,             0.00098641
                    215,                 1.1356,                 0.8722,                0.99614,                0.39762,                0.64344,                0.34116,                0.27479,                0.73838,                 1.0143,                0.86629,             0.00098518,             0.00098518,             0.00098518
                    216,                 1.1543,                0.87638,                0.99838,                0.35371,                0.63486,                0.31332,                0.24963,                0.75153,                 1.0365,                0.86103,             0.00098394,             0.00098394,             0.00098394
                    217,                 1.1266,                0.86144,                0.99907,                0.34392,                0.62931,                 0.3121,                0.24276,                0.78181,                 1.0101,                0.87823,              0.0009827,              0.0009827,              0.0009827
                    218,                 1.1312,                0.85483,                0.99039,                0.36353,                0.64431,                0.31668,                0.25225,                0.73113,                 1.0546,                0.86372,             0.00098146,             0.00098146,             0.00098146
                    219,                 1.1269,                0.85819,                0.99443,                0.33999,                0.62565,                0.30428,                0.23567,                0.75479,                 1.0712,                 0.8679,             0.00098022,             0.00098022,             0.00098022
                    220,                 1.1701,                0.88065,                 1.0073,                0.36061,                0.66381,                0.32748,                0.25299,                0.83119,                 1.1064,                0.86063,             0.00097899,             0.00097899,             0.00097899
                    221,                 1.1544,                0.87067,                 1.0056,                0.37095,                0.63603,                0.32305,                0.25032,                0.78665,                  1.023,                0.85962,             0.00097775,             0.00097775,             0.00097775
                    222,                 1.1805,                0.86001,                 1.0018,                0.38099,                0.66899,                0.34268,                0.26576,                0.74162,                 1.0555,                0.85919,             0.00097651,             0.00097651,             0.00097651
                    223,                 1.1445,                0.85248,                0.99661,                0.35772,                0.63404,                0.31846,                0.25036,                0.77324,                 1.0629,                0.87908,             0.00097528,             0.00097528,             0.00097528
                    224,                 1.1513,                0.85355,                0.99598,                0.34283,                0.61845,                0.30479,                0.23893,                0.80802,                 1.0669,                 0.8618,             0.00097404,             0.00097404,             0.00097404
                    225,                  1.134,                0.84001,                0.98844,                0.37929,                0.66769,                0.34017,                0.26682,                0.77754,                 1.0719,                0.87006,              0.0009728,              0.0009728,              0.0009728
                    226,                 1.1416,                0.83825,                0.99882,                0.36192,                0.64372,                0.31684,                0.24474,                0.79535,                 1.0555,                0.87177,             0.00097156,             0.00097156,             0.00097156
                    227,                  1.123,                0.82778,                0.99841,                0.35496,                  0.658,                0.31854,                0.25102,                0.78638,                 1.1005,                  0.876,             0.00097033,             0.00097033,             0.00097033
                    228,                 1.1421,                0.84557,                0.99838,                0.35898,                0.64243,                 0.3232,                0.26045,                0.75545,                   1.03,                0.85768,             0.00096909,             0.00096909,             0.00096909
                    229,                 1.1158,                0.85118,                0.99383,                0.37666,                0.66698,                0.34309,                0.26282,                0.83764,                 1.0304,                0.87133,             0.00096785,             0.00096785,             0.00096785
                    230,                 1.1379,                0.85918,                0.99454,                0.40105,                0.68895,                0.35898,                0.29204,                0.73184,                 1.0029,                0.86025,             0.00096661,             0.00096661,             0.00096661
                    231,                 1.1577,                0.86585,                 1.0037,                0.35873,                0.64703,                0.33304,                0.26791,                0.74765,                 1.0294,                0.86193,             0.00096537,             0.00096537,             0.00096537
                    232,                 1.1367,                0.85659,                0.99071,                0.37303,                 0.6547,                0.33973,                0.26229,                0.80926,                 1.0509,                0.87195,             0.00096414,             0.00096414,             0.00096414
                    233,                 1.1531,                 0.8464,                0.99951,                0.35576,                 0.6425,                0.33056,                0.25919,                0.74117,                 1.0293,                0.85227,              0.0009629,              0.0009629,              0.0009629
                    234,                 1.1461,                0.85165,                0.98962,                 0.3786,                 0.6692,                0.34063,                0.26876,                0.74234,                 1.0895,                0.85214,             0.00096166,             0.00096166,             0.00096166
                    235,                 1.1099,                0.82796,                0.98263,                0.36798,                0.66384,                0.33578,                  0.257,                0.88095,                  1.196,                0.86697,             0.00096043,             0.00096043,             0.00096043
                    236,                 1.1201,                0.84435,                 0.9942,                0.36402,                0.66243,                0.32738,                0.25838,                0.78963,                 1.1287,                0.85773,             0.00095919,             0.00095919,             0.00095919
                    237,                 1.1137,                0.83602,                0.99146,                0.37193,                0.68942,                0.35405,                0.27885,                0.78885,                 1.1385,                0.87358,             0.00095795,             0.00095795,             0.00095795
                    238,                 1.1346,                0.84269,                0.99094,                0.38794,                0.67513,                0.35254,                0.27745,                 0.8022,                 1.0733,                0.86279,             0.00095671,             0.00095671,             0.00095671
                    239,                 1.1308,                0.83742,                0.98949,                0.36737,                0.63557,                 0.3232,                0.25632,                0.75325,                 1.0498,                0.85788,             0.00095548,             0.00095548,             0.00095548
                    240,                 1.1165,                0.84132,                0.99088,                0.34931,                0.63593,                0.31727,                0.23937,                0.82339,                 1.0923,                0.87142,             0.00095424,             0.00095424,             0.00095424
                    241,                 1.0866,                0.81881,                0.98058,                0.37916,                0.67171,                0.33748,                0.27101,                0.73914,                 1.0152,                0.85383,               0.000953,               0.000953,               0.000953
                    242,                 1.1076,                 0.8089,                0.97881,                0.38605,                0.67997,                0.34954,                0.27375,                0.80106,                 1.0276,                0.85248,             0.00095176,             0.00095176,             0.00095176
                    243,                 1.1121,                0.82314,                0.98602,                0.37169,                0.65709,                0.33639,                 0.2645,                0.79588,                 1.1346,                0.85203,             0.00095053,             0.00095053,             0.00095053
                    244,                 1.1133,                0.84287,                0.99096,                0.35644,                0.64266,                 0.3177,                0.24918,                0.75048,                 1.0582,                0.85234,             0.00094929,             0.00094929,             0.00094929
                    245,                 1.1056,                0.82935,                0.97887,                0.37834,                0.65742,                0.33564,                0.26364,                0.86197,                 1.0375,                0.86413,             0.00094805,             0.00094805,             0.00094805
                    246,                  1.107,                0.83901,                0.98173,                 0.3627,                0.64364,                0.32933,                0.26771,                0.75219,                 1.0302,                0.85389,             0.00094681,             0.00094681,             0.00094681
                    247,                 1.1021,                0.81489,                0.97887,                0.34895,                0.61441,                0.31588,                0.25416,                0.75872,                 1.0571,                0.85715,             0.00094558,             0.00094558,             0.00094558
                    248,                 1.1121,                0.80076,                0.98475,                0.35499,                0.61904,                 0.3129,                  0.249,                0.78664,                 1.0839,                 0.8573,             0.00094434,             0.00094434,             0.00094434
                    249,                 1.1057,                0.82373,                0.98458,                0.37504,                0.65742,                0.32842,                0.26152,                0.77141,                 1.0687,                0.85367,              0.0009431,              0.0009431,              0.0009431
